,Names,Rating,Number_of_review,Street,Locations,price_range,Number_of_photos,kind,Amenities
0,Hilton Amsterdam,3.5,57,1077 BG Amsterdam,"Apollobuurt, Zuid",€€€ ,115,Hotels,"['Accepts Debit Cards', 'Paid Wi-Fi']"
1,Van Der Valk,3.5,4,1511 Amsterdam,Centrum,Unclaimed ,12,Unclaimed,[]
2,Twenty Eight,3.5,10,1076 CK Amsterdam,"Stadionbuurt, Zuid",€€ ,54,Hotels,"['Accepts Debit Cards', 'Free Wi-Fi']"
3,Hotel De Hallen,3.5,30,1053 AT Amsterdam,"Kinkerbuurt, Oud West, West",€€ ,86,Unclaimed,"['Accepts Debit Cards', 'Free Wi-Fi']"
4,Seven Bridges Hotel,3.5,4,1017 LK Amsterdam,Centrum,Unclaimed ,photo,Unclaimed,"['Accepts Debit Cards', 'Free Wi-Fi']"
5,Conscious Hotel Vondelpark,3.5,25,1054 LH Amsterdam,"Zuid, West",€€ ,41,Hotels,"['Accepts Debit Cards', 'Free Wi-Fi']"
6,The Manor Amsterdam,3.5,18,1093 EK Amsterdam,"Dapperbuurt, Oost",€€ ,32,Hotels,"['Accepts Debit Cards', 'Free Wi-Fi']"
7,Park Centraal Amsterdam,3.5,23,1071 ZD Amsterdam,"Museumkwartier, Zuid",€€€ ,152,Hotels,"['Accepts Debit Cards', 'Free Wi-Fi']"
8,King Hotel,3.5,4,1017 PN Amsterdam,West,€ ,photo,Unclaimed,"['Accepts Debit Cards', 'Free Wi-Fi']"
9,The Dylan,3.5,33,1016 GB Amsterdam,"Negen Straatjes, Centrum",€€€€ ,35,Hotels,"['Accepts Debit Cards', 'Free Wi-Fi']"
10,Max Brown Hotel Canal District,3.5,7,1015 BA Amsterdam,Centrum,€€ ,10,Hotels,"['Accepts Debit Cards', 'Free Wi-Fi']"
11,Rembrandtplein Hotel,3.5,1,1011 HR Amsterdam,Centrum,€€ ,5,Unclaimed,"['Accepts Debit Cards', 'Free Wi-Fi']"
12,Artemis Amsterdam,3.5,16,1066 EP Amsterdam,Slotervaart,€€ ,26,Unclaimed,"['Accepts Debit Cards', 'Free Wi-Fi']"
13,Notting Hill Hotel,3.5,18,1017 ZP Amsterdam,Centrum,€€€€ ,31,Unclaimed,"['Takes Reservations', 'Accepts Debit Cards']"
14,Swissôtel Amsterdam,3.5,23,1012 LP Amsterdam,Centrum,€€ ,34,Hotels,"['Accepts Debit Cards', 'Free Wi-Fi']"
15,Max Brown Hotel Museum Square,3.5,13,1071 CR Amsterdam,"Museumkwartier, Zuid",€€ ,45,Hotels,"['Accepts Debit Cards', 'Free Wi-Fi']"
16,Sir Albert Hotel,3.5,22,1072 CT Amsterdam,"De Pijp, Zuid",€€€ ,46,Hotels,"['Accepts Debit Cards', 'Free Wi-Fi']"
17,Element Amsterdam,3.5,22,1082 LD Amsterdam,"Buitenveldert, Zuid",€€ ,62,Unclaimed,['Free Wi-Fi']
18,Ambassade Hotel,3.5,15,1016 AZ Amsterdam,Centrum,€€€ ,26,Hotels,['Free Wi-Fi']
19,Hard Rock Hotel Amsterdam American,3.5,Hotels,1017 PN Amsterdam,Centrum,[],21,Hotels,"['Accepts Debit Cards', 'Free Wi-Fi']"
20,Hotel nhow Amsterdam RAI,3.5,2,1078 RV Amsterdam,Zuid,[],12,Hotels,[]
21,'t Hotel,3.5,8,1015 DE Amsterdam,Centrum,€€ ,15,Unclaimed,"['Accepts Debit Cards', 'Free Wi-Fi']"
22,MEININGER Hotel Amsterdam City West,3.5,14,1043 DR Amsterdam,Westpoort,€€ ,78,Hotels,"['Accepts Debit Cards', 'Free Wi-Fi']"
23,Hotel Verdi,3.5,Hotels,1071 LA Amsterdam,"Museumkwartier, Zuid",Unclaimed ,photo,Unclaimed,[]
24,De L'Europe,3.5,25,1012 CP Amsterdam,"De Wallen, Centrum",€€€ ,86,Hotels,"['Accepts Debit Cards', 'Free Wi-Fi']"
25,Amstel River View,3.5,1,1074 HS Amsterdam,"De Pijp, Zuid",Unclaimed ,6,Unclaimed,[]
26,QO Amsterdam,3.5,3,1096 GG Amsterdam,Oost,Unclaimed ,4,Unclaimed,[]
27,WestCord Art Hotel Amsterdam,3.5,14,1013 ZX Amsterdam,"West, Westpoort",€€ ,44,Hotels,['Free Wi-Fi']
28,Sir Adam Hotel,3.5,15,1031 KS Amsterdam,Noord,€€ ,40,Hotels,"['Accepts Debit Cards', 'Free Wi-Fi']"
29,Residence Inn by Marriott Amsterdam Houthavens,3.5,Hotels,1013 AP Amsterdam,Houthavens,[],19,Hotels,"['Accepts Debit Cards', 'Free Wi-Fi', 'Dogs Allowed']"
30,W Amsterdam,3.5,48,1012 VN Amsterdam,Centrum,€€€ ,128,Hotels,"['Accepts Debit Cards', 'Free Wi-Fi', 'Dogs Allowed']"
31,Courtyard by Marriott,3.5,10,1101 BA Amsterdam,Zuid Oost,€€ ,13,Unclaimed,"['Accepts Debit Cards', 'Free Wi-Fi']"
32,Canal Boutique Apartments and Hotel,3.5,2,1016 EX Amsterdam,"Negen Straatjes, Centrum",Unclaimed ,photo,Unclaimed,[]
33,Ostade Bicycle Hotel,3.5,6,1072 SV Amsterdam,"De Pijp, Zuid",€ ,4,Unclaimed,['Accepts Debit Cards']
34,Mercure Amsterdam aan De Amstel Hotel,3.5,11,1096 CJ Amsterdam,Oost,€€ ,17,Unclaimed,['Free Wi-Fi']
35,Hotel Arena,3.5,28,1092 AA Amsterdam,"Oosterparkbuurt, Oost",€€ ,51,Hotels,"['Accepts Debit Cards', 'Free Wi-Fi']"
36,Moxy Amsterdam Houthavens,3.5,11,1013 AP Amsterdam,Houthavens,€€€ ,96,Hotels,"['Accepts Debit Cards', 'Free Wi-Fi', 'Dogs Allowed', 'Wheelchair Accessible']"
37,The Mayer Manor,3.5,1,1012 KE Amsterdam,"De Wallen, Centrum",€€€€ ,8,Unclaimed,[]
38,MEININGER Hotel Amsterdam Amstel,3.5,6,1097 DN Amsterdam,"Watergraafsmeer, Oost",[],25,Hotels,['Free Wi-Fi']
39,Ibis Amsterdam Centre Hotel,3.5,32,1012 AB Amsterdam,Centrum,€€ ,34,Unclaimed,"['Accepts Debit Cards', 'Free Wi-Fi']"
40,Amistad Hotel,3.5,4,1017 GM Amsterdam,Centrum,Unclaimed ,4,Unclaimed,[]
41,Hotel-Restaurant Larende,3.5,6,1053 AJ Amsterdam,"Kinkerbuurt, Oud West, West",€€ ,7,Hotels,"['Takes Reservations', 'Accepts Debit Cards', 'Street Parking']"
42,Hotel Mosaic,3.5,2,1054 BR Amsterdam,"Helmersbuurt, Oud West, West",€€ ,photo,Unclaimed,['Free Wi-Fi']
43,Westcord Fashion Hotel,3.5,17,1058 GC Amsterdam,See all photos from Emmy R. for Westcord Fashion Hotel,€€€ ,88,Hotels,"['Accepts Debit Cards', 'Free Wi-Fi']"
44,Canal House,3.5,15,1015 CX Amsterdam,Centrum,€€€ ,16,Unclaimed,"['Accepts Debit Cards', 'Free Wi-Fi']"
45,Hotel ibis Amsterdam City West,3.5,13,1014 AK Amsterdam,Westpoort,€€ ,12,Unclaimed,"['Accepts Debit Cards', 'Free Wi-Fi']"
46,Hotel Mercier,3.5,2,1016 NX Amsterdam,"Jordaan, Centrum",Unclaimed ,7,Unclaimed,[]
47,Conscious Hotel Museum Square,[],6,1071 NR Amsterdam,"Museumkwartier, Zuid",€€ ,4,Unclaimed,['Free Wi-Fi']
48,Inntel Hotels Amsterdam Centre,3.5,29,1012 PV Amsterdam,Centrum,€€ ,42,Hotels,"['Accepts Debit Cards', 'Free Wi-Fi']"
49,Hans Brinker Hotel,3.5,11,1017 GR Amsterdam,Centrum,[],8,Hostels,['Free Wi-Fi']
50,XO Hotels Couture,4,15,1062 EA Amsterdam,See all photos from Hannes M. for XO Hotels Couture,€€ ,79,Hotels,"['Accepts Debit Cards', 'Free Wi-Fi']"
51,Hotel The Neighbour's Magnolia,3.5,2,1071 HB Amsterdam,"Museumkwartier, Zuid",€€ ,4,Hotels,['Free Wi-Fi']
52,The Student Hotel Amsterdam City,5,21,1061 AZ Amsterdam,"Oosterparkbuurt, Oost",€€ ,52,Hotels,"['Accepts Debit Cards', 'Free Wi-Fi', 'Dogs Allowed']"
53,Luxury Suites Amsterdam,4,7,1011 KW Amsterdam,Centrum,€€€ ,21,Hotels,"['Accepts Debit Cards', 'Free Wi-Fi']"
54,The College Hotel,5,21,1071 VE Amsterdam,"Museumkwartier, Zuid",€€€ ,31,Hotels,"['Accepts Debit Cards', 'Free Wi-Fi']"
55,Quentin Zoo Hotel,4,1,1018 DB Amsterdam,"Plantagebuurt, Centrum",Unclaimed ,photo,Unclaimed,[]
56,DoubleTree by Hilton Hotel Amsterdam - NDSM Wharf,4,15,1033 WB Amsterdam,Noord,€€ ,75,Hotels,"['Accepts Debit Cards', 'Free Wi-Fi']"
57,Hotel Casa Amsterdam,3,29,1097 BC Amsterdam,"Watergraafsmeer, Oost",€€ ,60,Hotels,"['Accepts Debit Cards', 'Free Wi-Fi']"
58,Maes Bed and Breakast,4.5,4,1015 CB Amsterdam,Centrum,Unclaimed ,7,Unclaimed,['Free Wi-Fi']
59,Hotel Max in Mokum,4.5,3,1074 BK Amsterdam,"De Pijp, Zuid",Unclaimed ,photo,Unclaimed,[]
60,Park Inn by Radisson Amsterdam City West,3.5,3,1043 DE Amsterdam,Westpoort,Unclaimed ,10,Unclaimed,[]
61,XO Hotels Blue Tower,5,7,1055 JE Amsterdam,"Bos en Lommer, West",€€ ,20,Unclaimed,['Free Wi-Fi']
62,Mauro Mansion,3.5,9,1012 BH Amsterdam,"Centrum, De Wallen",€€ ,14,Hotels,"['Accepts Debit Cards', 'Free Wi-Fi']"
63,Bilderberg Hotel Jan Luijken,4.5,12,1071 CS Amsterdam,"Museumkwartier, Zuid",€€ ,10,Unclaimed,"['Accepts Debit Cards', 'Free Wi-Fi']"
64,Hotel2Stay,4,4,1043 EC Amsterdam,See all photos from Chris W. for Hotel2Stay,Unclaimed ,23,Unclaimed,['Free Wi-Fi']
65,Hampton by Hilton Amsterdam Centre East,4,10,1019 AZ Amsterdam,"Zeeburg, Oost",€€ ,33,Unclaimed,"['Accepts Debit Cards', 'Free Wi-Fi']"
66,Crowne Plaza Amsterdam South,4,6,1082 MT Amsterdam,"WTC, Zuid, Buitenveldert",€€€ ,26,Unclaimed,"['Accepts Debit Cards', 'Free Wi-Fi']"
67,Hotel V Fizeaustraat,4,11,1097 SC Amsterdam,"Watergraafsmeer, Oost",€€€ ,58,Hotels,['Free Wi-Fi']
68,Hotel NH Amsterdam Centre,4.5,31,1054 ES Amsterdam,West,€€ ,71,Hotels,"['Accepts Debit Cards', 'Free Wi-Fi']"
69,Hotel Sint Nicolaas,[],8,1012 SP Amsterdam,Centrum,€€ ,16,Unclaimed,['Free Wi-Fi']
70,Backstage Hotel,4.5,9,1016 CT Amsterdam,"Jordaan, Centrum",€ ,14,Unclaimed,"['Accepts Debit Cards', 'Free Wi-Fi']"
71,Mr Jordaan Hotel,4.5,1,1015 TN Amsterdam,"Jordaan, Centrum",Unclaimed ,7,Unclaimed,[]
72,[],3.5,[],[],[],[],[],[],[]
73,The Edison Hotel,[],1,1016 TZ Amsterdam,"Jordaan, Centrum",Unclaimed ,photo,Unclaimed,[]
74,Hotel NH Collection Amsterdam Flower Market,4.5,18,1017 HK Amsterdam,Centrum,€€€ ,23,Hotels,"['Accepts Debit Cards', 'Free Wi-Fi']"
75,Grand Hotel Downtown,5,7,1054 BR Amsterdam,"Helmersbuurt, Oud West, West",€€ ,18,Hotels,['Free Wi-Fi']
76,Novotel,4.5,29,1083 AD Amsterdam,"Zuid, Buitenveldert",€€ ,51,Unclaimed,"['Accepts Debit Cards', 'Free Wi-Fi']"
77,Hotel V Frederiksplein,4.5,13,1017 XV Amsterdam,Centrum,€€ ,24,Hotels,"['Accepts Debit Cards', 'Free Wi-Fi']"
78,La Remise,4,5,1017 TW Amsterdam,Centrum,Unclaimed ,8,Unclaimed,['Free Wi-Fi']
79,Holiday Inn Express Amsterdam South,[],1,1081 AP Amsterdam,"Buitenveldert, Zuid",€€ ,photo,Unclaimed,['Free Wi-Fi']
80,Hotel Aalders,3.5,10,1071 CJ Amsterdam,"Museumkwartier, Zuid",€€ ,9,Unclaimed,"['Accepts Debit Cards', 'Free Wi-Fi']"
81,Amsterdam Teleport Hotel,4,14,1043 CE Amsterdam,See all photos from Jennifer G. for Amsterdam Teleport Hotel,€€ ,27,Unclaimed,['Free Wi-Fi']
82,The Flying Pig Downtown,5,51,1012 MR Amsterdam,Centrum,[],40,Hostels,['Free Wi-Fi']
83,Hotel NH Amsterdam Museum Quarter,4.5,15,1071 XL Amsterdam,"Museumkwartier, Zuid",€€ ,25,Hotels,"['Accepts Debit Cards', 'Free Wi-Fi']"
84,Hotel Pax,4,1,1016 DC Amsterdam,Centrum,€ ,4,Unclaimed,[]
85,Hotel Casa,3,17,1097 BC Amsterdam,"Watergraafsmeer, Oost",€€ ,42,Unclaimed,"['Accepts Debit Cards', 'Free Wi-Fi']"
86,Hampton by Hilton Amsterdam - Arena Boulevard,3,13,1102 BR Amsterdam,Zuid Oost,€€ ,27,Hotels,"['Accepts Debit Cards', 'Free Wi-Fi']"
87,The Bank Hotel,5,3,1013 EX Amsterdam,"Haarlemmerbuurt, Centrum",€€ ,7,Unclaimed,['Free Wi-Fi']
88,Hotel Seasons,3.5,[],1074 AZ Amsterdam,"De Pijp, Zuid",[],[],Unclaimed,[]
89,The Linden Hotel,3.5,3,1015 KT Amsterdam,"Jordaan, Centrum",Unclaimed ,5,Unclaimed,[]
90,City Hub,5,11,1053 BE Amsterdam,"Kinkerbuurt, Oud West, West",Unclaimed ,21,Unclaimed,[]
91,Hotel Espresso,4,10,1054 HC Amsterdam,West,€€ ,13,Unclaimed,['Free Wi-Fi']
92,Ecomama,4,14,1011 NA Amsterdam,Centrum,Unclaimed ,22,Unclaimed,[]
93,Holiday Inn- Arena Towers,4,3,1101 BE Amsterdam,Zuid Oost,€€€ ,photo,Unclaimed,"['Accepts Debit Cards', 'Free Wi-Fi']"
94,Hotel NH Collection Amsterdam Doelen,4.5,14,1012 CP Amsterdam,"De Wallen, Centrum",€€€ ,42,Hotels,"['Accepts Debit Cards', 'Free Wi-Fi']"
95,Mps Holland,3.5,2,1011 VZ Amsterdam,Centrum,€ ,24,Unclaimed,['Free Wi-Fi']
96,Hotel Allure,3,3,1018 GB Amsterdam,"Plantagebuurt, Centrum",€€ ,4,Unclaimed,"['Accepts Debit Cards', 'Paid Wi-Fi']"
97,SWEETS hotel,4.5,Hotels,1019 DV Amsterdam,"Zeeburg, Oost",[],6,Hotels,['Free Wi-Fi']
98,INK Hotel Amsterdam MGallery,3.5,25,1012 RE Amsterdam,Centrum,€€€ ,91,Hotels,"['Accepts Debit Cards', 'Free Wi-Fi']"
99,Best Western Delphi Hotel,3.5,5,1077 AN Amsterdam,"Apollobuurt, Zuid",€€ ,7,Hotels,"['Accepts Debit Cards', 'Free Wi-Fi']"
100,Holiday Inn Express Amsterdam - Arena Towers,3.5,3,1101 BE Amsterdam-Zuidoost,Zuid Oost,Unclaimed ,18,Unclaimed,[]
101,Motel One,4.5,3,1011 LZ Amsterdam,Centrum,€€€ ,photo,Unclaimed,['Free Wi-Fi']
102,Eden Hotel Amsterdam,3.5,30,1017 AE Amsterdam,Centrum,€€ ,22,Hotels,"['Accepts Debit Cards', 'Free Wi-Fi']"
103,XO Hotels Blue Square,5,10,1064 HD Amsterdam,Geuzenveld,€€ ,33,Hotels,"['Accepts Debit Cards', 'Free Wi-Fi']"
104,Boat & Co,4,2,1014 ZG Amsterdam,West,[],photo,Hotels,[]
105,Morgan & Mees,5,1,1052 LC Amsterdam,"Frederik Hendrikbuurt, West",€€ ,5,Unclaimed,['Free Wi-Fi']
106,Hotel Van Gogh,4,15,1071 CW Amsterdam,"Museumkwartier, Zuid",€€ ,photo,Unclaimed,"['Accepts Debit Cards', 'Free Wi-Fi']"
107,De Bedstee Boutique Capsule Hotel,4,2,1071 LH Amsterdam,"Museumkwartier, Zuid",€€ ,11,Hotels,['Free Wi-Fi']
108,Hotel Nadia,5,14,1016 DD Amsterdam,Centrum,€€ ,31,Unclaimed,"['Accepts Debit Cards', 'Free Wi-Fi']"
109,Hotel Roemer,3.5,13,1054 EX Amsterdam,West,€€€ ,4,Unclaimed,['Free Wi-Fi']
110,Amadi Park Hotel,2.5,6,1054 BR Amsterdam,"Helmersbuurt, Oud West, West",€€ ,56,Hotels,"['Accepts Debit Cards', 'Free Wi-Fi']"
111,Hotel Alexander,3,4,1054 GE Amsterdam,West,€€€ ,8,Unclaimed,['Free Wi-Fi']
112,Hotel The Craftsmen,4.5,1,1012 VE Amsterdam,Centrum,Unclaimed ,photo,Unclaimed,[]
113,ITC Hotel,4,11,1017 JE Amsterdam,Centrum,Unclaimed ,6,Unclaimed,[]
114,Acostar hotel,4,2,1017 GB Amsterdam,Centrum,€€ ,7,Unclaimed,[]
115,Amstel Botel,4.5,14,1033 RG Amsterdam,Noord,€€ ,52,Unclaimed,"['Accepts Debit Cards', 'Free Wi-Fi']"
116,Crane Hotel Faralda,4.5,Hotels,1033 Amsterdam,Noord,€€€ ,7,Unclaimed,['Free Wi-Fi']
117,NL Hotel Museumplein,5,2,1071 RT Amsterdam,"Museumkwartier, Zuid",€€ ,4,Unclaimed,['Free Wi-Fi']
118,Hotel Levell,3.5,1,1101 CP Amsterdam,Zuid Oost,Unclaimed ,11,Unclaimed,['Free Wi-Fi']
119,ClinkNOORD,4,14,1031 KV Amsterdam,Noord,Unclaimed ,47,Unclaimed,['Free Wi-Fi']
120,Leonardo Hotel Amsterdam Rembrandtpark,3.5,1,1057 PH Amsterdam,[],Unclaimed ,photo,Unclaimed,[]
121,Hotel Residence Le Coin,5,3,1012 CP Amsterdam,"De Wallen, Centrum",€€€ ,5,Unclaimed,"['Accepts Debit Cards', 'Paid Wi-Fi']"
122,Hotel JL no. 76,5,19,1071 CT Amsterdam,"Museumkwartier, Zuid",€€€ ,12,Unclaimed,"['Accepts Debit Cards', 'Free Wi-Fi']"
123,Hotel King's Court,5,1,1062 EB Amsterdam,Slotervaart,Unclaimed ,6,Unclaimed,[]
124,Hotel IX,2.5,2,1016 CB Amsterdam,"Negen Straatjes, Centrum",€€ ,photo,Unclaimed,['Free Wi-Fi']
125,Hotel Jansen,3,Hotels,Amsterdam,"Hoofddorppleinbuurt, Zuid",[],30,Hotels,[]
126,Hotel Internationaal,4,3,1012 HT Amsterdam,"Centrum, De Wallen",€€ ,photo,Unclaimed,['Free Wi-Fi']
127,Motel One,3.5,Hotels,1079 PC Amsterdam,Zuid,€€€ ,photo,Unclaimed,['Free Wi-Fi']
128,THE Ritz-Carlton Hotel Company,5,[],1043 BW Amsterdam,[],[],[],Unclaimed,[]
129,Ramada Apollo,4,32,1057 PH Amsterdam,See all photos from Winnie C. for Ramada Apollo,€€€ ,36,Unclaimed,"['Accepts Debit Cards', 'Free Wi-Fi']"
130,Hotel NH Amsterdam Zuid,4.5,6,1082 GG Amsterdam,"Buitenveldert, Zuid",€€ ,4,Hotels,"['Accepts Debit Cards', 'Free Wi-Fi']"
131,Freeland Hotel,3,2,1017 PL Amsterdam,Centrum,Unclaimed ,7,Unclaimed,[]
132,Hotel TwentySeven,4,3,1012 JS Amsterdam,"De Wallen, Centrum",Unclaimed ,5,Unclaimed,[]
133,Hotel Rembrandt,4,1,1018 DA Amsterdam,"Plantagebuurt, Centrum",€€€ ,13,Unclaimed,"['Accepts Debit Cards', 'Free Wi-Fi']"
134,Coco Mama Hostel,4,18,1017 ZP Amsterdam,Centrum,Unclaimed ,6,Unclaimed,['Free Wi-Fi']
135,Hotel Royal Taste,3.5,1,1012 DP Amsterdam,"De Wallen, Centrum",Unclaimed ,6,Unclaimed,[]
136,Hotel Mr. Jordaan,4,1,1015 TN Amsterdam,"Jordaan, Centrum",Unclaimed ,7,Unclaimed,[]
137,Zuiver,3.5,34,1081 KH Amsterdam,"Buitenveldert, Zuid",€€€ ,28,Hotels,['Accepts Debit Cards']
138,Keizersgracht Residence,[],1,1015 CW Amsterdam,Centrum,[],4,Hotels,['Free Wi-Fi']
139,Hotel La Boheme,5,1,1017 PK Amsterdam,Centrum,€€ ,photo,Unclaimed,"['Accepts Debit Cards', 'Free Wi-Fi']"
140,Yotel,4.5,1,1031 HM Amsterdam,Noord,Unclaimed ,photo,Unclaimed,[]
141,Apollo Museumhotel Amsterdam City Centre,3.5,21,1071 BX Amsterdam,"Museumkwartier, Zuid",€€ ,7,Unclaimed,"['Accepts Debit Cards', 'Free Wi-Fi']"
142,Winston,4.5,18,1012 JA Amsterdam,"De Wallen, Centrum",€€ ,32,Hotels,"['Accepts Debit Cards', 'Free Wi-Fi']"
143,Hotel Camp Inn,4.5,3,1055 RD Amsterdam,"Bos en Lommer, West",[],11,Hotels,['Free Wi-Fi']
144,Amsterdam Tropen Hotel,4,4,1092 CK Amsterdam,"Oosterparkbuurt, Oost",[],13,Hotels,"['Accepts Debit Cards', 'Free Wi-Fi']"
145,Boutique hotel Museum Suites Amsterdam,4.5,Hotels,1071 Amsterdam,"Museumkwartier, Zuid",[],24,Hotels,['Free Wi-Fi']
146,Hotel Ibis City Stopera,4.5,9,1011 LZ Amsterdam,Centrum,€€ ,photo,Unclaimed,"['Accepts Debit Cards', 'Free Wi-Fi']"
147,Hotel Atlas Amsterdam,[],4,1071 GK Amsterdam,"Museumkwartier, Zuid",€€ ,photo,Unclaimed,"['Accepts Debit Cards', 'Free Wi-Fi']"
148,International Budget Hostel,4,6,1016 Amsterdam,"Jordaan, Centrum",€ ,5,Unclaimed,['Free Wi-Fi']
149,"Filosoof Hotel,",3.5,2,1054 GZ Amsterdam,"Oud West, West",Unclaimed ,photo,Unclaimed,[]
150,Park Plaza Vondelpark Amsterdam,5,15,1075 CZ Amsterdam,"Willemspark, Zuid",€€ ,19,Hotels,"['Outdoor Seating', 'Good for Working', 'Street Parking', 'Paid Wi-Fi']"
151,Hotel Cornelisz,3.5,7,1071 BX Amsterdam,"Museumkwartier, Zuid",€€ ,4,Unclaimed,['Free Wi-Fi']
152,Bilderberg Garden Hotel,3,12,1077 BJ Amsterdam,"Apollobuurt, Zuid",€€€ ,photo,Hotels,"['Accepts Debit Cards', 'Paid Wi-Fi']"
153,Owl Hotel,3,2,1054 EV Amsterdam,West,€€€ ,6,Unclaimed,"['Accepts Debit Cards', 'Free Wi-Fi']"
154,Savoy Hotel Amsterdam,5,4,1072 LW Amsterdam,"De Pijp, Zuid",€€ ,photo,Hotels,"['Accepts Debit Cards', 'Free Wi-Fi']"
155,Dikker & Thijs Fenice Hotel,4,[],1017 KE Amsterdam,Centrum,[],[],See all 38 photos,['12 reviews']
156,Arcade Hotel,4,3,1073 EC Amsterdam,"De Pijp, Zuid",€€ ,7,Hotels,"['Accepts Debit Cards', 'Free Wi-Fi']"
157,Hotel Plantage,5,Hotels,1018 CV Amsterdam,"Plantagebuurt, Centrum",Unclaimed ,photo,Unclaimed,[]
158,Hotel Toon,3.5,3,1017 VN Amsterdam,[],Unclaimed ,11,Unclaimed,['Free Wi-Fi']
159,Teun Hotel,3.5,Hotels,1013 KB Amsterdam,"Haarlemmerbuurt, Centrum",Unclaimed ,photo,Unclaimed,[]
160,Hotel Rokin,3,3,1012 KL Amsterdam,"De Wallen, Centrum",€€€ ,9,Unclaimed,['Free Wi-Fi']
161,The Lancaster Hotel,5,4,1018 DH Amsterdam,"Plantagebuurt, Centrum",[],17,Hotels,[]
162,Hotel Blyss,2,6,1054 GN Amsterdam,"Oud West, West",€€€€ ,10,Unclaimed,['Free Wi-Fi']
163,Hotel Victorie,3,Hotels,1078 PH Amsterdam,"Rivierenbuurt, Zuid",Unclaimed ,photo,Unclaimed,[]
164,1 cheap hotels,4.5,Hotel,Damstraat,"De Wallen, Centrum",Unclaimed ,photo,Unclaimed,[]
165,Hotel Prinsengracht Amsterdam,3,5,1017 KN Amsterdam,Centrum,€€ ,11,Unclaimed,['Free Wi-Fi']
166,New West Inn Hotel,[],6,1069 AE Amsterdam,Osdorp,€€ ,5,Unclaimed,['Free Wi-Fi']
167,Monet Garden Hotel,4,3,1011 LZ Amsterdam,Centrum,Unclaimed ,4,Unclaimed,[]
168,Hotel Abba,4,3,1054 HM Amsterdam,"Helmersbuurt, Oud West, West",€€ ,7,Unclaimed,"['Accepts Debit Cards', 'Free Wi-Fi']"
169,The Flying Pig Uptown,[],23,1071 AJ Amsterdam,"Museumkwartier, Zuid",[],30,Hostels,[]
170,Rembrandt Square Hotel,3,14,1017 DA Amsterdam,Centrum,€€ ,43,Hotels,"['Accepts Debit Cards', 'Free Wi-Fi']"
171,Armada Hotel Amsterdam,4.5,7,1017 DX Amsterdam,Centrum,€€ ,photo,Hotels,"['Accepts Debit Cards', 'Free Wi-Fi']"
172,Singel Hotel,4,11,1012 VC Amsterdam,Centrum,€€€ ,5,Unclaimed,"['Accepts Debit Cards', 'Free Wi-Fi']"
173,Hotel NH Collection Amsterdam Barbizon Palace,4,41,1012 AD Amsterdam,"Centrum, De Wallen",€€€ ,58,Hotels,"['Accepts Debit Cards', 'Free Wi-Fi']"
174,Hotel Flipper,5,3,1078 VA Amsterdam,"Rivierenbuurt, Zuid",€€ ,photo,Unclaimed,"['Accepts Debit Cards', 'Free Wi-Fi']"
175,Amsterdam ID Aparthotel,4,3,1043 BP Amsterdam,[],€€ ,4,Unclaimed,['Free Wi-Fi']
176,Prinsenhof Hotel,4.5,3,1017 JL Amsterdam,Centrum,€€ ,photo,Unclaimed,"['Accepts Debit Cards', 'Free Wi-Fi']"
177,Apple Inn Hotel,[],4,1075 CJ Amsterdam,"Willemspark, Zuid",€€€ ,photo,Unclaimed,"['Accepts Debit Cards', 'Free Wi-Fi']"
178,Hotel NH Amsterdam Schiller,[],13,1017 CV Amsterdam,Centrum,€€ ,40,Hotels,"['Accepts Debit Cards', 'Free Wi-Fi']"
179,Hotel Weber,3.5,2,1017 PJ Amsterdam,Centrum,Unclaimed ,12,Unclaimed,['Free Wi-Fi']
180,Pestana Amsterdam Riverside,3.5,Hotels,1074 HZ Amsterdam,"De Pijp, Zuid",Unclaimed ,photo,Unclaimed,[]
181,KAP Hotel,3.5,4,1017 XW Amsterdam,Centrum,€€ ,photo,Unclaimed,['Accepts Debit Cards']
182,No. 377 House,4.5,9,1054 AC Amsterdam,"Helmersbuurt, West",€€ ,24,Unclaimed,['Free Wi-Fi']
183,Hotel Aspen,4,2,1016 DC Amsterdam,Centrum,€€ ,5,Unclaimed,['Free Wi-Fi']
184,Bastion Deluxe Hotel Amsterdam / Amstel,4.5,7,Duivendrecht,Duivendrecht,€€ ,5,Unclaimed,"['Accepts Debit Cards', 'Free Wi-Fi']"
185,Hotel Nicolaas Witsen,4,2,1017 ZH Amsterdam,Centrum,€€ ,photo,Hotels,[]
186,Hotel Hortus,5,3,1018 SR Amsterdam,"Plantagebuurt, Centrum",Unclaimed ,photo,Unclaimed,['Free Wi-Fi']
187,Hotel De Looier,4,7,1016 VD Amsterdam,"Jordaan, Centrum",€€ ,5,Unclaimed,"['Accepts Debit Cards', 'Free Wi-Fi']"
188,Shelter City Christian Hostel,5,9,1012 BV Amsterdam,"De Wallen, Centrum",[],photo,Hostels,[]
189,Jaz In The City,5,11,"Amsterdam Zuid-Oost, Noord-Holland",Zuid Oost,€€ ,25,Unclaimed,['Free Wi-Fi']
190,[],4,[],[],[],[],[],[],[]
191,[],3,[],[],[],[],[],[],[]
192,[],4,[],[],[],[],[],[],[]
193,[],2.5,[],[],[],[],[],[],[]
194,[],2.5,[],[],[],[],[],[],[]
195,[],[],[],[],[],[],[],[],[]
196,[],3.5,[],[],[],[],[],[],[]
197,[],4,[],[],[],[],[],[],[]
198,[],2.5,[],[],[],[],[],[],[]
199,[],2.5,[],[],[],[],[],[],[]
200,[],3,[],[],[],[],[],[],[]
201,[],4,[],[],[],[],[],[],[]
202,[],3.5,[],[],[],[],[],[],[]
203,[],4,[],[],[],[],[],[],[]
204,[],2.5,[],[],[],[],[],[],[]
205,[],4.5,[],[],[],[],[],[],[]
206,[],2.5,[],[],[],[],[],[],[]
207,[],[],[],[],[],[],[],[],[]
208,[],4,[],[],[],[],[],[],[]
209,[],[],[],[],[],[],[],[],[]
210,[],4.5,[],[],[],[],[],[],[]
211,[],3,[],[],[],[],[],[],[]
212,[],2,[],[],[],[],[],[],[]
213,[],4,[],[],[],[],[],[],[]
214,[],[],[],[],[],[],[],[],[]
215,[],[],[],[],[],[],[],[],[]
216,[],[],[],[],[],[],[],[],[]
217,[],[],[],[],[],[],[],[],[]
218,[],[],[],[],[],[],[],[],[]
219,[],[],[],[],[],[],[],[],[]
220,[],[],[],[],[],[],[],[],[]
221,[],[],[],[],[],[],[],[],[]
222,[],[],[],[],[],[],[],[],[]
223,[],[],[],[],[],[],[],[],[]
224,[],[],[],[],[],[],[],[],[]
225,[],[],[],[],[],[],[],[],[]
226,[],[],[],[],[],[],[],[],[]
227,[],[],[],[],[],[],[],[],[]
228,[],[],[],[],[],[],[],[],[]
229,[],[],[],[],[],[],[],[],[]
230,[],[],[],[],[],[],[],[],[]
231,[],[],[],[],[],[],[],[],[]
232,[],[],[],[],[],[],[],[],[]
233,[],[],[],[],[],[],[],[],[]
234,[],[],[],[],[],[],[],[],[]
235,[],[],[],[],[],[],[],[],[]
236,[],[],[],[],[],[],[],[],[]
237,[],[],[],[],[],[],[],[],[]
238,[],[],[],[],[],[],[],[],[]
239,[],[],[],[],[],[],[],[],[]
